year,month,spx_tr_real,y10_bm_real
1871,1,,
1871,2,-0.0115146124,-0.007375011804
1871,3,0.0144157692,-0.003552413693
1871,4,0.07330801661,0.05404830716
1871,5,0.05182874246,0.03959945654
1871,6,0.01218305984,0.02735731781
1871,7,-0.01380230441,-0.0122288776
1871,8,0.03106997412,0.02428322572
1871,9,-0.009103661723,-0.01065301738
1871,10,-0.06182150222,-0.01828344831
1871,11,0.01533595073,0.005879259677
1871,12,0.005384395256,-0.01469306711
1872,1,0.02821621564,-0.0253390698
1872,2,0.00965327234,-0.0007622576244
1872,3,0.01972776849,-0.006614474065
1872,4,0.01155413574,0.002319465314
1872,5,0.004274919324,0.02468072661
1872,6,0.001941017398,0.02291913303
1872,7,0.0118286881,-0.003269344797
1872,8,-0.01460909413,-0.004259634531
1872,9,-0.01693721666,-0.01618716668
1872,10,0.03028660154,0.03920936764
1872,11,-0.02648074515,-0.0207003786
1872,12,0.04280963465,0.02671002984
1873,1,0.01221291449,-0.01152701714
1873,2,-0.007257252826,-0.01478254833
1873,3,-0.004440680101,0.01346380065
1873,4,-0.00910377595,0.01225498312
1873,5,0.03028565888,0.04158336918
1873,6,0.02343380414,0.04699634315
1873,7,0.003315451403,-0.02050916113
1873,8,0.005824899703,0.002532874445
1873,9,-0.07166703641,-0.01838313836
1873,10,-0.05886806234,0.004022293385
1873,11,0.001433392954,0.03414378585
1873,12,0.07568006213,0.02889220114
1874,1,0.04162660646,-0.02449324304
1874,2,0.03362880577,0.02363061476
1874,3,-0.008678442218,0.01051598553
1874,4,-0.009284473001,0.02654760095
1874,5,-0.01130401969,0.01242401883
1874,6,0.02417166398,0.03152186279
1874,7,-0.002495590141,-0.03810777062
1874,8,0.01642615008,0.01332473106
1874,9,0.02225723268,0.0008909740045
1874,10,0.01920257902,0.02170135153
1874,11,0.01934169523,0.02540912258
1874,12,0.002811973384,0.01947232037
1875,1,0.005933299611,-0.01059881033
1875,2,0.003225142755,0.01149790531
1875,3,0.01691563761,0.0050522607
1875,4,0.01069111833,0.008320905026
1875,5,-0.007787094831,0.04256107923
1875,6,0.0001312315582,0.0319992124
1875,7,0.008056656538,-0.03557710344
1875,8,0.002265641533,-0.00548656465
1875,9,0.002365175855,0.0104535953
1875,10,-0.009012729532,0.0066782748
1875,11,0.02851899059,0.01746172942
1875,12,0.01422006932,0.01903633479
1876,1,0.03770517205,-0.003935871264
1876,2,0.01970518099,0.01351899538
1876,3,0.00260668277,0.0003821199755
1876,4,-0.02497174923,0.009705199961
1876,5,0.00341520328,0.04084637125
1876,6,0.02785931535,0.04164246368
1876,7,-0.006738104221,-0.01626721961
1876,8,-0.04607704801,-0.02532924002
1876,9,-0.06329539065,-0.02338795266
1876,10,-0.01927939396,-0.02210269052
1876,11,-0.0202195998,-0.002097285255
1876,12,-0.01870559801,-0.01569250554
1877,1,-0.01916285738,-0.03663915165
1877,2,-0.02892321265,0.0260136207
1877,3,-0.002121604439,0.04292518741
1877,4,-0.09049759488,-0.01683352904
1877,5,-0.01234407331,-0.00009633105379
1877,6,-0.01341107876,0.04630954493
1877,7,0.03666721814,-0.005582108235
1877,8,0.1162359643,0.03288878569
1877,9,0.07592326125,-0.01166944562
1877,10,0.02700655959,0.000230834083
1877,11,0.008577517837,0.02894917333
1877,12,0.0001207115004,-0.000420426517
1878,1,0.03516959746,0.0343016963
1878,2,-0.004710701416,0.01370941078
1878,3,0.04160063267,0.0177577407
1878,4,0.04613531238,0.005971448196
1878,5,0.04142545542,0.05602169824
1878,6,0.04931334539,0.01480782947
1878,7,0.01028590601,-0.01651669371
1878,8,-0.01818650509,-0.005965379498
1878,9,0.02555924627,0.003916585929
1878,10,0.004387566095,0.007056354549
1878,11,0.01185230652,0.01726253046
1878,12,0.02006400364,0.02920935068
1879,1,0.03200519759,-0.01558265173
1879,2,0.02688888105,-0.004350097667
1879,3,0.001845975037,0.01045664164
1879,4,0.0465502733,0.02258028966
1879,5,0.05023882443,0.02640057773
1879,6,0.02521859839,0.009467583729
1879,7,0.007597086407,-0.01561499899
1879,8,0.01304873545,0.001416088514
1879,9,0.005325380781,-0.02335556405
1879,10,0.05339681286,-0.04949433682
1879,11,0.003167843585,-0.038705295
1879,12,-0.02841057803,-0.01980424061
1880,1,0.01174570653,-0.02310657829
1880,2,0.02301288482,0.02488532747
1880,3,0.0104702063,0.001283827703
1880,4,0.02083935507,0.04367918397
1880,5,-0.04746611712,0.04311109136
1880,6,0.02763969753,0.03556906665
1880,7,0.05108561806,-0.00206210445
1880,8,0.0413939118,0.01456102756
1880,9,-0.008617881852,-0.01170513122
1880,10,0.03283043029,-0.006688861294
1880,11,0.04696936667,0.01744296854
1880,12,0.03322068732,0.003586306493
1881,1,0.0739714607,0.01871934795
1881,2,-0.01049957882,-0.003264117843
1881,3,0.01552053078,0.006810130681
1881,4,-0.008493020586,0.002246105741
1881,5,0.05781483125,0.03325280654
1881,6,0.0148768102,0.009806545964
1881,7,-0.04018697853,-0.01972859135
1881,8,-0.03901649262,-0.0234222184
1881,9,-0.02610598655,-0.02629735619
1881,10,-0.02139123681,-0.01280575198
1881,11,0.0192387975,0.01932037589
1881,12,-0.02400221895,0.01466772089
1882,1,-0.01250918787,0.0006704969509
1882,2,-0.02600354858,-0.005377957488
1882,3,0.002059524274,0.009686172498
1882,4,-0.0051799801,0.004043072691
1882,5,-0.01774605442,0.001913495471
1882,6,-0.009066908461,-0.01141462041
1882,7,0.07105628921,0.005125572812
1882,8,0.02387319564,-0.003694691159
1882,9,0.04238508229,0.0300775521
1882,10,-0.01257209856,0.004290988716
1882,11,-0.02958084764,0.01437024928
1882,12,0.01841684327,0.02344170496
1883,1,0.0002529636544,-0.007077153689
1883,2,-0.02816855826,-0.006660873533
1883,3,0.02750106516,0.01602520582
1883,4,0.03611861536,0.0129719829
1883,5,-0.004919280063,0.009354526412
1883,6,0.04592522878,0.03502917377
1883,7,0.007825141228,0.01579841162
1883,8,-0.04077827658,0.005456113328
1883,9,0.0268628323,0.02424156642
1883,10,-0.0219540654,0.007426230277
1883,11,0.02966911328,0.02363082345
1883,12,-0.02574474161,0.00709987165
1884,1,-0.02531937896,0.0001495657324
1884,2,0.03143040089,0.002724900928
1884,3,0.0002891678921,0.007230641344
1884,4,-0.0145716573,0.01810552486
1884,5,-0.06066128597,0.001545063418
1884,6,-0.03428156725,-0.007589999741
1884,7,0.01670038833,0.01316571136
1884,8,0.06986141318,0.006477938832
1884,9,-0.01820202142,0.01852270798
1884,10,-0.01666375711,0.016016501
1884,11,0.008025013914,0.03662894401
1884,12,0.0139857082,0.02150451563
1885,1,-0.01792140628,-0.006943981752
1885,2,0.02398116217,-0.005610263076
1885,3,0.03064477138,0.02815055178
1885,4,-0.009233339159,-0.01386296759
1885,5,0.01649904279,0.02739217891
1885,6,0.02411226635,0.0332095919
1885,7,0.02932033902,-0.009704674467
1885,8,0.06032167195,0.004745855211
1885,9,0.003235243533,0.01734900477
1885,10,0.06212918171,0.003723164575
1885,11,0.05603679958,-0.009720572138
1885,12,-0.02730201624,-0.01467810374
1886,1,0.02741714936,0.02238770941
1886,2,0.02273860103,0.02096473188
1886,3,-0.005529765279,0.02174690655
1886,4,0.001980226415,0.01137915695
1886,5,0.008573183346,0.02615773533
1886,6,0.06240914847,0.02088632938
1886,7,0.005671642717,-0.01186859988
1886,8,-0.001856676453,-0.01120632842
1886,9,0.02919185051,0.01207071171
1886,10,0.0284419277,0.009932922382
1886,11,0.02774187539,0.000642582509
1886,12,-0.03481943133,-0.00428119061
1887,1,-0.03118426917,-0.03031574697
1887,2,-0.01575855123,-0.0023900309
1887,3,0.02662982348,0.005041376302
1887,4,0.02602202306,0.004523708875
1887,5,0.02028475832,0.003551616538
1887,6,-0.01415574409,0.01497378032
1887,7,-0.009273503511,0.002445724497
1887,8,-0.03324690797,-0.01512585122
1887,9,0.002653780762,-0.0002307167698
1887,10,-0.0412863511,-0.00586026147
1887,11,0.01112595069,0.0007235458408
1887,12,-0.02473900502,-0.02907298919
1888,1,-0.00007695680841,-0.006814053955
1888,2,0.009629128617,0.02475696535
1888,3,-0.03400613803,-0.01114589175
1888,4,0.01969243281,0.01232364929
1888,5,0.02959876691,0.02757638109
1888,6,-0.01577460858,0.02255143122
1888,7,0.0175361517,-0.01164465724
1888,8,0.0250182419,0.006582593475
1888,9,0.02822889266,0.01037603544
1888,10,-0.01390240826,-0.0181362221
1888,11,-0.02873081876,-0.009897141403
1888,12,-0.01588780483,0.006070068361
1889,1,0.05919176735,0.03129319387
1889,2,0.02689423336,0.02468024278
1889,3,-0.005590751958,0.0246713797
1889,4,0.001333429589,-0.004229231748
1889,5,0.05603612261,0.03063177388
1889,6,0.02017144062,0.004067901605
1889,7,-0.01700185885,-0.006118315701
1889,8,0.016618647,0.0006447264666
1889,9,0.01486089017,-0.00977439221
1889,10,-0.01493367396,-0.004738597623
1889,11,-0.005964979678,0.001637640089
1889,12,-0.01443121821,-0.008598376351
1890,1,0.03971309477,0.0155513037
1890,2,-0.008128352946,-0.01520576433
1890,3,-0.004400680566,-0.003916965151
1890,4,0.02399800351,-0.001338829126
1890,5,0.03283750364,-0.009165657295
1890,6,-0.004138672198,0.004779170167
1890,7,-0.004008161717,0.005762082938
1890,8,-0.05530527866,-0.02419645928
1890,9,-0.02499820396,0.001817287911
1890,10,-0.04205737377,-0.01178161611
1890,11,-0.04717799533,0.02733626487
1890,12,-0.01979787274,-0.004869460837
1891,1,0.06873316782,0.001000794609
1891,2,0.003649494315,-0.008308433604
1891,3,-0.02659355004,-0.005100211746
1891,4,0.02464765917,-0.004984637495
1891,5,0.0113940768,0.01466972433
1891,6,0.007383737591,0.02718894367
1891,7,-0.0005772431744,-0.02583325227
1891,8,0.03728111589,0.0001623636813
1891,9,0.09825280308,0.02406334875
1891,10,0.003283140022,-0.007799512546
1891,11,0.0008173913037,0.01664833198
1891,12,0.03391975629,0.01091134727
1892,1,0.048351787,0.02235136301
1892,2,0.005104086595,0.003350043114
1892,3,0.04124218985,0.03399311189
1892,4,0.01504474303,0.004576005026
1892,5,0.003316509406,0.0114438929
1892,6,-0.002062210278,0.009295880296
1892,7,-0.02309545419,-0.03340622139
1892,8,0.004520557237,-0.01388883908
1892,9,-0.02166078005,-0.007330270066
1892,10,0.02343085784,0.001264636658
1892,11,-0.025525715,-0.02195314694
1892,12,-0.01980827749,-0.01392327418
1893,1,-0.01526641822,-0.04019900435
1893,2,-0.0260721021,-0.01443965543
1893,3,-0.009057867728,0.03308310465
1893,4,0.01612552816,0.01254076438
1893,5,-0.07342006172,0.01100288601
1893,6,-0.01898699496,0.01215724334
1893,7,-0.06511078473,0.01784062613
1893,8,0.02092339638,0.05020166275
1893,9,0.03332538678,-0.0235011269
1893,10,0.02043261951,-0.01446202606
1893,11,0.0467467132,0.0470477832
1893,12,-0.01798464152,0.0288306244
1894,1,0.01088842514,0.0184161112
1894,2,0.03208412058,0.02607072231
1894,3,0.06343738306,0.03534825689
1894,4,0.01699371956,0.004000055994
1894,5,-0.03356433972,-0.001457009505
1894,6,-0.009880006553,0.007304986078
1894,7,-0.01695906818,0.0007061796107
1894,8,0.01225814243,-0.02425144907
1894,9,0.005495954625,-0.006736647607
1894,10,0.0002230463654,0.02822217591
1894,11,0.003766840446,0.009426375354
1894,12,0.008978075759,0.01742322936
1895,1,-0.007871963653,-0.01659683177
1895,2,-0.01028922956,0.05323469817
1895,3,0.003849930781,0.01067933818
1895,4,0.003035246566,-0.0289971092
1895,5,0.04390196191,-0.002283426961
1895,6,0.008947870171,0.002823576924
1895,7,0.02118419859,0.01589546092
1895,8,0.03208988511,0.002768051376
1895,9,0.009357462687,0.005822320123
1895,10,-0.01144343526,-0.03558364002
1895,11,-0.03055164098,0.02993928252
1895,12,-0.04233902723,0.01215224102
1896,1,0.005763400882,-0.01823841713
1896,2,0.06047335861,0.01195562897
1896,3,-0.01244964932,0.01427541977
1896,4,0.02740350139,0.02681176497
1896,5,0.01361708783,0.01137661017
1896,6,0.00006581820629,0.01964726168
1896,7,-0.06141706544,-0.0190187371
1896,8,-0.0533000331,-0.0178003648
1896,9,0.05630021913,0.03080279207
1896,10,-0.00421259256,-0.01612861503
1896,11,0.04112577074,-0.003433696374
1896,12,-0.0333099337,0.004885106383
1897,1,0.03284276972,0.05272935578
1897,2,-0.00607789221,0.007360087772
1897,3,0.005808927275,0.008794343313
1897,4,-0.01317075313,0.02333435676
1897,5,0.02366258742,0.008148636297
1897,6,0.05002237374,0.01644597307
1897,7,0.04780417797,0.01270965095
1897,8,0.02168790108,-0.04427236833
1897,9,0.02171574677,-0.02463965816
1897,10,-0.01547885262,0.03013227354
1897,11,-0.0323354081,0.01001788009
1897,12,0.02452725739,0.01041104617
1898,1,0.03031350947,0.003034870892
1898,2,-0.01321922531,-0.03393437217
1898,3,-0.04219863145,-0.03104449961
1898,4,-0.01409201018,-0.01316666864
1898,5,-0.001492872459,-0.05055379097
1898,6,0.1153819412,0.08984773713
1898,7,0.02131639461,0.04373235618
1898,8,0.04034079095,0.006574626357
1898,9,0.00103846338,0.003128694878
1898,10,-0.01795077691,0.005043239599
1898,11,0.03613472145,-0.000790728195
1898,12,0.0501077877,-0.002325133966
1899,1,0.07894883235,0.009935493965
1899,2,0.01190210467,-0.03101427747
1899,3,0.01672276773,0.006011036628
1899,4,0.001198693189,-0.003303541814
1899,5,-0.03925477576,0.0006197876554
1899,6,-0.03311825743,-0.002734929078
1899,7,0.02367991515,-0.01628732654
1899,8,0.01475823261,-0.008075921963
1899,9,-0.04551863219,-0.03550849201
1899,10,-0.01435875639,-0.00981752361
1899,11,0.009193427546,-0.004429201513
1899,12,-0.07667719001,0.01353443671
1900,1,0.0164128375,0.002487498496
1900,2,0.008982624547,-0.00572491818
1900,3,0.01108382088,0.01222281084
1900,4,0.01589393465,-0.01368060909
1900,5,-0.0209352243,0.03557264555
1900,6,-0.01455725976,0.01440753798
1900,7,-0.008952048862,-0.01389127752
1900,8,0.02959510741,0.006379526275
1900,9,-0.03206886137,-0.001840486967
1900,10,0.05275038372,0.01533860337
1900,11,0.0818147609,0.02068236233
1900,12,0.0768540336,0.02608401543
1901,1,0.01949075775,-0.006848494041
1901,2,0.04135749187,0.01493633342
1901,3,0.03869303262,-0.001215724746
1901,4,0.1003252392,0.02292037525
1901,5,-0.04783615426,-0.001654188195
1901,6,0.1024525912,0.005602643115
1901,7,-0.0760953379,-0.01327724525
1901,8,0.004150612309,-0.01931695757
1901,9,-0.01421872874,-0.003041596521
1901,10,-0.008283688164,0.01235256431
1901,11,0.01208546949,-0.009688075345
1901,12,-0.02478762439,-0.008646389279
1902,1,0.03681555008,0.01626878817
1902,2,0.01159617174,0.002383066084
1902,3,0.004274329989,0.002383095251
1902,4,0.02485076631,-0.01044711418
1902,5,-0.01130300682,-0.01116552903
1902,6,-0.01456112689,-0.03671113388
1902,7,0.02560021754,-0.02333991577
1902,8,0.04182613855,0.01525219915
1902,9,-0.006498653879,0.02637550802
1902,10,-0.09208041116,-0.05782862952
1902,11,-0.003041558485,0.02683312591
1902,12,-0.03082406195,-0.01593439254
1903,1,0.04258551917,-0.008558194264
1903,2,-0.002812093215,0.006131840035
1903,3,-0.003267786005,0.04613203733
1903,4,-0.03762059947,-0.01214468111
1903,5,0.006909209164,0.03288989235
1903,6,-0.05172805952,-0.004450236559
1903,7,-0.02821798617,-0.004919038768
1903,8,-0.04214021081,0.002482813575
1903,9,-0.03131602417,-0.00303421347
1903,10,-0.0169798117,0.01549516112
1903,11,0.0193856244,0.007730927186
1903,12,0.05016246077,0.001540775093
1904,1,-0.003039217172,-0.02239636276
1904,2,-0.04526404129,-0.02915145583
1904,3,0.0120162331,0.01581264222
1904,4,0.04026425092,0.01312421121
1904,5,0.005706542477,0.02223627908
1904,6,0.005269208441,0.00530568002
1904,7,0.04523323885,0.0006228800043
1904,8,0.0254702589,-0.01658063388
1904,9,0.03566684391,-0.006188415663
1904,10,0.06207864412,0.002527826527
1904,11,0.0335830268,-0.02735279758
1904,12,0.01279602876,0.003005043361
1905,1,0.02484111244,0.003004307081
1905,2,0.04691786379,0.002544412063
1905,3,0.04300901844,0.02936478908
1905,4,-0.00933923239,0.002506382366
1905,5,-0.03540928944,0.008312889099
1905,6,0.01471572914,0.008206304401
1905,7,0.03431796628,0.002506223706
1905,8,0.02827778918,-0.00608615603
1905,9,0.01763622198,0.02252743936
1905,10,0.01693233856,0.002478366652
1905,11,-0.01386894167,-0.01944012053
1905,12,0.01599325595,-0.02781704553
1906,1,0.03736725285,0.004450025981
1906,2,-0.00435335769,-0.003170601853
1906,3,-0.02163661893,0.004485304722
1906,4,-0.01068852611,0.01312232542
1906,5,-0.03440986654,-0.01894559993
1906,6,0.01608596504,-0.00220480392
1906,7,0.01087411717,0.03807966092
1906,8,0.0527627233,-0.0147277585
1906,9,0.02233275728,-0.003855593544
1906,10,-0.02471888313,-0.02069591654
1906,11,-0.01173429554,-0.009163952344
1906,12,-0.01648647718,-0.009055114649
1907,1,-0.01475799193,0.004629705315
1907,2,-0.04849743712,-0.01948709761
1907,3,-0.08497882895,0.02204807998
1907,4,0.008867905563,0.003534126006
1907,5,-0.05074344372,-0.02494543903
1907,6,-0.03790327505,-0.01439257035
1907,7,0.04265997199,0.002586472734
1907,8,-0.07074438009,-0.01198700555
1907,9,-0.005998973592,-0.009203559212
1907,10,-0.1131755779,-0.01347312941
1907,11,-0.01333256714,0.01816794493
1907,12,0.07953300884,-0.0006765352865
1908,1,0.05924313409,0.01383490271
1908,2,-0.02090143483,0.01822910619
1908,3,0.0457837948,0.02273694426
1908,4,0.04691269744,0.00702288604
1908,5,0.06402498602,0.00270441037
1908,6,0,-0.006394265979
1908,7,0.0294892919,-0.009227909326
1908,8,0.04694438931,-0.001368291816
1908,9,-0.00705457425,-0.001370634157
1908,10,0.005301178721,-0.008020539333
1908,11,0.06024458547,-0.009408978582
1908,12,0.01548336624,-0.006302116931
1909,1,0.01768245708,0.01342478958
1909,2,-0.03531179914,-0.007802687323
1909,3,0.01741208371,0.002754853377
1909,4,0.02698011041,-0.01791602973
1909,5,0.02627829153,-0.007479660174
1909,6,0.01085584036,-0.007376045335
1909,7,0.01776814116,-0.003438138513
1909,8,0.01730595053,-0.02064553959
1909,9,-0.00553569055,-0.01543961065
1909,10,-0.01221697846,-0.01560349976
1909,11,-0.01108260567,-0.01782696908
1909,12,0.005632294789,-0.01045301977
1910,1,-0.008488916994,0.006002546477
1910,2,-0.03219473874,0.002892077602
1910,3,0.008989227223,-0.02027620389
1910,4,-0.02965790502,-0.00647008674
1910,5,0.006027485167,0.01978650397
1910,6,-0.03508607605,0.01475795305
1910,7,-0.04649870352,0.00345013166
1910,8,0.03857046316,0.01426782091
1910,9,0.02094740501,0.01713575081
1910,10,0.08207566292,0.03327408802
1910,11,0.02366529501,0.02356852645
1910,12,-0.02385262575,0.0007250327939
1911,1,0.02862881665,0.002892337775
1911,2,0.05407091283,0.04501494401
1911,3,-0.01809355672,-0.007694438786
1911,4,0.03236408584,0.03164280757
1911,5,0.02564646379,-0.01169184875
1911,6,0.02403718652,0.006241893406
1911,7,-0.01097915593,-0.007869182005
1911,8,-0.07373345113,-0.03480997987
1911,9,-0.06020393688,-0.008503375266
1911,10,0.01009209028,0.002930450023
1911,11,0.05530922369,0.01119181617
1911,12,0.01917182013,0.01237908392
1912,1,-0.005336627566,-0.006442385909
1912,2,-0.01496227449,-0.005229028709
1912,3,0.01209811553,-0.01409216098
1912,4,0.00483439868,-0.02284977917
1912,5,0.0008508559876,0.002365701612
1912,6,0.01603876911,0.01062208871
1912,7,0.005014483125,0.002917533099
1912,8,0.01681800084,-0.01125343641
1912,9,-0.0008730190691,-0.004635619183
1912,10,0.001797387229,0.002411224809
1912,11,-0.007347094802,0.003495480783
1912,12,-0.02258355811,0.01163741254
1913,1,-0.01417225986,-0.006812051465
1913,2,-0.03151328634,0.004552478195
1913,3,-0.01475803298,0.00127116945
1913,4,0.00313368905,-0.0003644647119
1913,5,-0.01294351076,0.01994230238
1913,6,-0.05556523906,-0.009488308251
1913,7,0.007982403518,-0.03107652516
1913,8,0.03137767835,-0.001489045709
1913,9,0.003845051917,-0.01149536887
1913,10,-0.02736007165,-0.004336401718
1913,11,-0.03048949426,0.004984720707
1913,12,0.01326778179,0.02215389014
1914,1,0.04547772414,0.01191836452
1914,2,0.02771698274,0.01591374831
1914,3,-0.01469829915,-0.002057904546
1914,4,-0.009807248083,0.00536004873
1914,5,0.0002772977315,-0.008248742117
1914,6,-0.000691839712,-0.0003998282992
1914,7,-0.06065099187,-0.01258198454
1914,8,-0.1011695854,-0.01667753098
1914,9,0.004433219786,0.003044286141
1914,10,-0.04089854042,0.01294738679
1914,11,0.03285070737,-0.006816911246
1914,12,0.0833636161,0.006103281623
1915,1,0.02242810582,0.005292094822
1915,2,0.0012056472,0.01306053149
1915,3,0.04076882647,0.02119757069
1915,4,0.06900629575,-0.003664362543
1915,5,-0.02885343619,-0.009159968501
1915,6,0.01561041804,0.0002080455185
1915,7,0.0004282251394,-0.008828876614
1915,8,0.0466513702,0.01329652883
1915,9,0.04115339642,-0.00376062954
1915,10,0.04892056682,-0.01018100401
1915,11,0.02858374343,-0.00329427716
1915,12,0.005722026886,0.01102998095
1916,1,-0.02164708855,-0.008899592237
1916,2,-0.0102031906,0.01322243815
1916,3,-0.008516568837,-0.002125389847
1916,4,-0.01599056451,-0.008699808628
1916,5,0.01680199758,-0.004171767381
1916,6,0.004911022484,-0.01459086678
1916,7,-0.009278708656,-0.00320739025
1916,8,0.003015766921,-0.003935025291
1916,9,0.02679057511,-0.01285433109
1916,10,0.01728460948,-0.01474594564
1916,11,0.00966022007,-0.01996217691
1916,12,-0.04388729686,-0.001121624856
1917,1,-0.02770980964,-0.01004466623
1917,2,-0.07398024933,-0.01705504503
1917,3,0.0366437289,-0.01901914253
1917,4,-0.05673418778,-0.04798119008
1917,5,-0.04342595004,-0.03194604437
1917,6,0.01054618482,-0.02042621016
1917,7,-0.006363943249,0.02005031812
1917,8,-0.03851307384,-0.01342579977
1917,9,-0.06338897154,-0.009552651974
1917,10,-0.06169214502,-0.01696746303
1917,11,-0.07640486183,0.00315967396
1917,12,-0.04081536186,-0.02314492231
1918,1,0.05663893455,-0.01597330071
1918,2,0.02026534041,0.0008447243467
1918,3,-0.02471024293,0.01285810421
1918,4,0.00539838481,-0.0098716066
1918,5,0.001542461659,-0.01702392552
1918,6,0.01483003383,-0.0005862961299
1918,7,-0.02640288854,-0.02224915875
1918,8,0.008390011254,-0.01531630135
1918,9,-0.02967007825,-0.01834362157
1918,10,0.03802363774,-0.01908938254
1918,11,-0.02732757178,-0.01013784822
1918,12,0.008756354436,-0.02467181164
1919,1,-0.01043320373,0.00317367412
1919,2,0.05859441541,0.01691330187
1919,3,-0.001159767953,-0.01062865176
1919,4,0.03871437891,-0.01332919686
1919,5,0.0737347405,-0.004095437863
1919,6,-0.02383689567,0.002336299158
1919,7,0.03565709848,-0.02720387737
1919,8,-0.08949126349,-0.01765740425
1919,9,0.01879380739,0.002215654793
1919,10,0.06285420325,-0.01116717561
1919,11,-0.07513339586,-0.02535696267
1919,12,-0.0207044411,-0.02405409306
1920,1,-0.04457107136,-0.01900201947
1920,2,-0.07886050492,-0.01534582473
1920,3,0.0923824016,-0.00904454722
1920,4,-0.09574284093,-0.03957203471
1920,5,-0.04908786352,-0.03270153672
1920,6,-0.01810208878,-0.006740480474
1920,7,-0.01400910372,0.007135637754
1920,8,0.048548078,0.02156064079
1920,9,0.015,0.03866878758
1920,10,0.02265364886,0.03707363259
1920,11,-0.07084714608,-0.0007383516415
1920,12,-0.03329963373,0.01021563722
1921,1,0.06942931434,0.03911001385
1921,2,0.0298527202,0.03313495771
1921,3,-0.01250972993,0.01066416832
1921,4,0.03928590317,0.01783186086
1921,5,0.008961441966,0.02627561535
1921,6,-0.06302228669,0.008531810471
1921,7,0.02744321462,-0.0005158337379
1921,8,-0.01428705647,0.007473958207
1921,9,0.04474554106,0.02366978698
1921,10,0.02857341765,0.02698825586
1921,11,0.07587158242,0.02476600402
1921,12,0.02712333452,0.02309227993
1922,1,0.03730004108,0.02908188977
1922,2,0.03557042214,-0.0002493889891
1922,3,0.05000733861,0.02302296136
1922,4,0.06178161686,0.0140597003
1922,5,0.05566771873,0.005159162176
1922,6,-0.03755530274,0.005142820013
1922,7,0.01127271225,0.005509616057
1922,8,0.08864878677,0.01715462665
1922,9,-0.009996567306,-0.002129465041
1922,10,0.02193104031,-0.01118119117
1922,11,-0.05025407786,-0.004758505244
1922,12,0.01632262792,-0.001539649775
1923,1,0.01149650039,0.009573800011
1923,2,0.06939024147,0.002805470615
1923,3,-0.009777620864,-0.0003565669975
1923,4,-0.02828094177,-0.003077961681
1923,5,-0.03604439038,0.005248158398
1923,6,-0.07827227551,0.0001103658016
1923,7,0.01227216205,-0.008053326208
1923,8,0.02688369087,0.008686900198
1923,9,-0.03188696398,-0.002999782302
1923,10,-0.003566303947,-0.005321664337
1923,11,0.06103771116,0.00605221556
1923,12,0.03424532324,0.005231868898
1924,1,0.03464980403,0.007607513688
1924,2,-0.01053372859,0.01104611635
1924,3,-0.01622122857,0.00943553251
1924,4,0.002558908064,0.01354727357
1924,5,0.01059711253,0.01002454455
1924,6,0.04099176709,0.01734526241
1924,7,0.04282277043,0.0006852526841
1924,8,0.01569495825,0.01164091391
1924,9,0.00001860835886,-0.003416556341
1924,10,-0.01001386505,0.001484215862
1924,11,0.07379385074,0.0007881523785
1924,12,0.05097254058,-0.00738567495
1925,1,0.02462486996,0.003300021646
1925,2,0.01895026742,0.009950630625
1925,3,-0.06767117863,-0.003315186773
1925,4,0.04124586392,0.0115881501
1925,5,0.04996052307,0.002338025072
1925,6,-0.002950708661,-0.0017824013
1925,7,0.02842442489,-0.008176793474
1925,8,0.007308199494,-0.001713789616
1925,9,0.03039733662,0.003208322578
1925,10,0.06139360773,0.005652843428
1925,11,-0.01557899467,-0.0111315631
1925,12,0.05801589471,0.007944080516
1926,1,0.002309840629,0.005612536209
1926,2,-0.04024337402,0.00808532287
1926,3,-0.04990082082,0.008726935366
1926,4,0.01875822047,-0.001694078421
1926,5,0.02034329636,0.01120307272
1926,6,0.05346607541,0.008725306997
1926,7,0.03463802167,0.01369018178
1926,8,0.05411926339,0.007178471951
1926,9,0.0212763609,-0.0026485797
1926,10,-0.03271346729,-0.0009791263353
1926,11,0.02089502833,0.002321256585
1926,12,0.02097543619,0.007970269493
1927,1,-0.005330672791,0.01860566803
1927,2,0.05813790939,0.01120185424
1927,3,0.01648821682,0.0179508911
1927,4,0.02135727656,0.004476275633
1927,5,0.05030808786,0.0003492751251
1927,6,-0.01681892295,-0.01110601022
1927,7,0.08769027285,0.01847831881
1927,8,0.05452208255,0.01198927505
1927,9,0.02996878125,-0.001370363319
1927,10,-0.04508526739,-0.002183352494
1927,11,0.07775141145,0.01358565185
1927,12,0.02265124617,0.007714343922
1928,1,-0.001638956004,0.001806751969
1928,2,-0.002609452257,0.01353235547
1928,3,0.1121482393,0.004330129681
1928,4,0.03576518907,0.0001393902193
1928,5,0.009916835585,-0.006477016703
1928,6,-0.03172013273,0.004376711153
1928,7,0.01588156032,-0.008032711975
1928,8,0.07759415238,-0.002131340656
1928,9,0.01525771176,-0.007047919745
1928,10,0.02355085554,0.007877434155
1928,11,0.1231366493,0.01041321709
1928,12,0.01167320851,0.002835442696
1929,1,0.05989429289,-0.002931401317
1929,2,-0.003143237625,-0.005341910784
1929,3,0.006208287287,-0.001049319755
1929,4,0.02484836063,0.01743319269
1929,5,-0.04584448353,-0.002866842557
1929,6,0.1088540552,-0.006949347971
1929,7,0.03616653999,-0.004410779439
1929,8,0.1006634605,-0.002758684069
1929,9,-0.04658192678,0.003921596629
1929,10,-0.1970885824,0.01058206762
1929,11,-0.1305855969,0.02487684412
1929,12,0.03503433527,0.007784079564
1930,1,0.07274246391,0.002817170404
1930,2,0.03099469024,0.01043394138
1930,3,0.08936563008,0.01888616932
1930,4,-0.01235059653,-0.00976412213
1930,5,-0.00711457748,0.01378530412
1930,6,-0.1565247628,0.01377454267
1930,7,0.05266641065,0.01478916538
1930,8,0.01750936567,0.00794618925
1930,9,-0.1324230723,-0.001663529099
1930,10,-0.07941994183,0.01129954156
1930,11,-0.01113856252,0.01047050443
1930,12,-0.05280947361,0.01879308413
1931,1,0.06722500878,0.01698789433
1931,2,0.1331094518,0.007024007496
1931,3,-0.05981703315,0.01169937734
1931,4,-0.08610286797,0.01003422082
1931,5,-0.1214228461,0.02431784825
1931,6,0.1598371957,0.01845642723
1931,7,-0.07061512648,0.0009384482196
1931,8,0.01477731579,0.0001220177966
1931,9,-0.2915775236,0.003468716262
1931,10,0.0980939041,-0.0219038084
1931,11,-0.08070830242,0.01667158725
1931,12,-0.133048044,-0.01482557248
1932,1,-0.002697530441,-0.003104055794
1932,2,0.07458541835,0.03040229522
1932,3,-0.1069283712,0.02652642109
1932,4,-0.1917600442,0.03071280616
1932,5,-0.2161440649,0.01100069528
1932,6,0.00685193041,0.01050931376
1932,7,0.3850717665,0.01818450328
1932,8,0.3928478155,0.02136316024
1932,9,-0.02483227247,0.01287827161
1932,10,-0.1296872968,0.00955177181
1932,11,-0.04608554943,0.008779722858
1932,12,0.06524281524,0.01895783338
1933,1,0.02776020277,0.02941038528
1933,2,-0.1680531223,0.0108753826
1933,3,0.04682312828,0.001521061403
1933,4,0.4289328431,0.002850050096
1933,5,0.1645828216,0.01289983323
1933,6,0.126015502,0.002333128601
1933,7,-0.1144358473,-0.02713127479
1933,8,0.1096842562,-0.005757561533
1933,9,-0.1112132872,0.004346395544
1933,10,-0.08707822319,0.0001566908673
1933,11,0.1071964514,-0.01712030208
1933,12,0.02477333416,-0.002922245578
1934,1,0.1092350524,0.007108850155
1934,2,-0.04177395211,0.01203481545
1934,3,0.002875004624,0.01364579506
1934,4,-0.02419375588,0.007652976644
1934,5,-0.07895758247,0.008448267649
1934,6,0.01646554884,-0.000801187962
1934,7,-0.1126873437,0.004991114738
1934,8,0.05731914578,-0.006716746051
1934,9,-0.01534484278,-0.02691044403
1934,10,-0.02266885469,0.02538752713
1934,11,0.08813277839,0.00254171514
1934,12,0.00558460959,0.01509529984
1935,1,-0.05192935935,0.00105163232
1935,2,-0.04370923384,0.0001433309773
1935,3,-0.02812494016,0.002308337967
1935,4,0.09262996713,-0.001554470331
1935,5,0.03594976706,0.003130459448
1935,6,0.07855506489,0.0104441923
1935,7,0.08697620576,0.003970423677
1935,8,0.02490305695,-0.01049561852
1935,9,0.02660139235,-0.0001911813372
1935,10,0.07946669422,0.005812683291
1935,11,0.03397847294,-0.005752552419
1935,12,0.04096633581,0.004076168985
1936,1,0.06870270155,0.004059789707
1936,2,0.01962554914,0.007474149461
1936,3,0.03544874438,0.01391560454
1936,4,-0.07457112344,0.003954188644
1936,5,0.04908042952,0.003937873194
1936,6,0.02631562111,-0.006751653166
1936,7,0.06447242714,-0.004135376317
1936,8,0.003924071366,0.001025697668
1936,9,0.00475670448,-0.0004071901624
1936,10,0.07927306131,0.001327699959
1936,11,0.007146962413,0.01252459855
1936,12,-0.002362158608,0.001234878796
1937,1,0.03437624987,-0.0007413272319
1937,2,0.01834108058,0.002932521277
1937,3,-0.0132816202,-0.02727925588
1937,4,-0.08545611686,-0.01077817287
1937,5,-0.01337007112,-0.001170199953
1937,6,-0.04836865261,0.0005512945095
1937,7,0.09873811547,0.003214468022
1937,8,-0.05111644136,-0.0055776853
1937,9,-0.1439727107,-0.002825221402
1937,10,-0.09670541708,0.002291688483
1937,11,-0.09021661465,0.0144821685
1937,12,-0.03838969265,0.01007978738
1938,1,0.03487754397,0.01811909265
1938,2,0.07490160498,0.01284407106
1938,3,-0.2450971991,0.0004403878226
1938,4,0.1399000741,0.002970883752
1938,5,-0.03097421906,0.01275602243
1938,6,0.2539362287,0.0003466127734
1938,7,0.07664457321,0.002981974232
1938,8,-0.02300176874,0.003848223992
1938,9,0.02023465707,-0.004876805475
1938,10,0.08627459927,0.01902931862
1938,11,-0.02930207658,-0.00142980354
1938,12,0.04092494928,0.004715675394
1939,1,-0.06535361762,0.002066643098
1939,2,0.04372657518,0.01368641558
1939,3,-0.1323611248,0.009927329743
1939,4,0.005515930591,0.01540119957
1939,5,0.06632919168,0.01423622332
1939,6,-0.06025700015,-0.0008519752827
1939,7,0.1133484179,0.003555079136
1939,8,-0.06724969493,-0.009543023158
1939,9,0.1437238211,-0.05878281879
1939,10,-0.003479001048,0.02985367573
1939,11,-0.04504051039,0.01175120043
1939,12,0.02796955203,0.01078757828
1940,1,-0.02410657642,0.008243446144
1940,2,0.003405736073,-0.006100152429
1940,3,0.01470829894,0.01072855392
1940,4,-0.0007221787373,-0.003391156345
1940,5,-0.2352272863,-0.01458006965
1940,6,0.07560971931,0.008061922908
1940,7,0.04325634673,0.01528141354
1940,8,0.03112446959,0.003628432209
1940,9,0.01603294297,0.008894464091
1940,10,0.04419752885,0.007068040127
1940,11,-0.03700875721,0.0158913398
1940,12,-0.005408258414,-0.001121292482
1941,1,-0.04225466478,0.001566583533
1941,2,-0.00938386347,-0.006219532488
1941,3,0.002412816335,0.007317339755
1941,4,-0.06527934742,0.00187976292
1941,5,0.001864437296,-0.006161413831
1941,6,0.03843316568,-0.009937877349
1941,7,0.06090627537,0.01242578227
1941,8,-0.01624483472,-0.01810845994
1941,9,-0.01731389829,-0.01258330478
1941,10,-0.07435957693,-0.007082980245
1941,11,-0.04241604578,-0.008527064955
1941,12,-0.04534268829,-0.0216587322
1942,1,0.007401886371,-0.01015195034
1942,2,-0.03147202662,-0.01082644006
1942,3,-0.06604591612,-0.003653776526
1942,4,-0.04280842959,-0.009834246817
1942,5,0.05800750981,-0.007878649837
1942,6,0.02515185371,0.0008390199321
1942,7,0.03122109897,-0.007030119625
1942,8,0.00690334933,-0.004304628984
1942,9,0.0326797465,0.000872701224
1942,10,0.05714548173,-0.009338277158
1942,11,-0.01448309742,-0.005972599912
1942,12,0.05070769131,-0.001473582884
1943,1,0.07668467093,0.005343425006
1943,2,0.05531353527,0.0008306579602
1943,3,0.03875320873,-0.01749529656
1943,4,-0.006444078172,-0.007994026111
1943,5,0.04311177576,0.000468474255
1943,6,0.02388062679,0.002587317699
1943,7,-0.04474147357,0.005641071273
1943,8,0.02041529138,0.005691426762
1943,9,0.02206086709,-0.004040328526
1943,10,-0.009034871314,-0.00007143452278
1943,11,-0.07123526996,-0.0009468962663
1943,12,0.06359905358,0.0008643256331
1944,1,0.01984974715,0.001766671959
1944,2,0.001832267916,0.005351406093
1944,3,0.0212932283,0.001733371917
1944,4,-0.0137773621,-0.004880099804
1944,5,0.04485993237,0.001741711868
1944,6,0.04926418432,-0.004839205897
1944,7,-0.02224398482,-0.003909636105
1944,8,0.01284892554,0.004437761386
1944,9,0.001041849194,0.000830647139
1944,10,0.004174972798,0.0008390331348
1944,11,0.008086952299,0.001741645323
1944,12,0.03339325053,-0.004775305478
1945,1,0.01838978742,0.01436206645
1945,2,0.06564371032,0.007024313211
1945,3,-0.04236230487,0.006076132427
1945,4,0.09194765947,0.01236752064
1945,5,0.009434198501,-0.004152976271
1945,6,-0.01077921998,-0.005173503396
1945,7,-0.01637868271,-0.001290624762
1945,8,0.06173673828,0.003222721117
1945,9,0.04545092774,0.00410683636
1945,10,0.03372186222,0.006789927367
1945,11,0.03573620253,0.005839158499
1945,12,0.007521032634,-0.01487851742
1946,1,0.07296305821,0.006797772258
1946,2,-0.06125367043,0.008683323737
1946,3,0.03810392784,-0.007838308113
1946,4,0.03508454165,-0.01744750333
1946,5,0.01986982864,-0.004872442903
1946,6,-0.04645701923,-0.00660033542
1946,7,-0.07671097396,-0.05760344896
1946,8,-0.08815272341,-0.02364444946
1946,9,-0.1067556953,-0.01274949654
1946,10,-0.02278043185,-0.01595795148
1946,11,-0.0311831179,-0.02896394353
1946,12,0.0372173783,0.0003016056003
1947,1,0.02792014119,0.006047770005
1947,2,-0.01693764933,-0.003216879858
1947,3,-0.02960471503,-0.01583139054
1947,4,-0.03482927792,-0.0003266208913
1947,5,-0.002605591492,0.004664525833
1947,6,0.0510410606,-0.0079829083
1947,7,0.03373118549,-0.004358007755
1947,8,-0.03198028921,-0.003425498743
1947,9,-0.02876679442,-0.02220768483
1947,10,0.02318351993,-0.01044147055
1947,11,-0.03038614031,-0.01377401505
1947,12,0.01034726817,-0.0272907645
1948,1,-0.04588040375,-0.009606044276
1948,2,-0.04190529391,0.004030204631
1948,3,0.0893270601,0.009948022645
1948,4,0.01757293264,-0.01078394044
1948,5,0.07411961204,0.001876217579
1948,6,0.002174943695,-0.01295257758
1948,7,-0.05954362672,-0.01024080461
1948,8,0.01128704784,-0.001205828337
1948,9,-0.02262560625,0.007396912024
1948,10,0.07468220303,0.0002840618936
1948,11,-0.09789272379,0.01256077736
1948,12,0.04073819285,0.009072432657
1949,1,0.008710993756,0.007926224708
1949,2,-0.03029957725,0.006813614446
1949,3,0.03573448885,0.005303552003
1949,4,-0.01567109886,0.00215991789
1949,5,-0.03140630077,0.002990066618
1949,6,0.002908541566,0.008437243411
1949,7,0.07921462816,0.01361500883
1949,8,0.01747230684,0.007871818802
1949,9,0.0266862814,-0.003273127007
1949,10,0.03917187135,0.004926707713
1949,11,0.005764488751,0.0002738991652
1949,12,0.05363860918,0.009871612933
1950,1,0.02747052717,-0.003205233702
1950,2,0.01138349377,-0.004442071118
1950,3,0.008448270512,-0.001459300664
1950,4,0.05045138905,-0.00327366092
1950,5,0.03955118302,-0.004288949726
1950,6,-0.05708191977,-0.008279329045
1950,7,0.006738677558,-0.006190528248
1950,8,0.03314356028,-0.003664469693
1950,9,0.05580188553,-0.0075970757
1950,10,0.003815281631,-0.01010852152
1950,11,0.001158164818,-0.004939586525
1950,12,0.03639756891,-0.0125343202
1951,1,0.05062925095,-0.00956243799
1951,2,-0.005326665177,-0.02093418416
1951,3,-0.01444828559,-0.01339185984
1951,4,0.05257443161,-0.008462916466
1951,5,-0.03737379896,-0.00863254561
1951,6,-0.0177159685,0.003534693738
1951,7,0.07557896221,0.01184884785
1951,8,0.05175440787,0.0138514199
1951,9,-0.006530925855,-0.01693002048
1951,10,-0.01362920054,-0.005578069399
1951,11,-0.0035898607,-0.007543952774
1951,12,0.03811617824,-0.0009011026344
1952,1,0.02160993982,0.0028491592
1952,2,-0.03016194571,-0.0008061799404
1952,3,0.05351271807,0.002842788176
1952,4,-0.04045940931,0.009067341169
1952,5,0.02746986377,0.005116768191
1952,6,0.04892171042,-0.003792458453
1952,7,0.01696207297,-0.008843809479
1952,8,-0.00998208137,-0.006161380638
1952,9,-0.01255961203,-0.005198911512
1952,10,0.001471121791,0.0122210091
1952,11,0.05155947356,0.002965519542
1952,12,0.03913437564,-0.0004109134545
1953,1,-0.0000722414057,-0.004845971547
1953,2,-0.01184580219,-0.002019778743
1953,3,-0.02074705132,-0.004461457362
1953,4,-0.02412649938,-0.006015449614
1953,5,0.001592801269,-0.01695059641
1953,6,-0.0141804588,-0.005260106181
1953,7,0.02968810247,0.01758789243
1953,8,-0.0553224296,-0.001531555951
1953,9,0.004647091225,0.007937557221
1953,10,0.0540822382,0.01857803348
1953,11,0.01741801053,0.004200636406
1953,12,0.006146106737,0.009362203864
1954,1,0.05345790642,0.009180391538
1954,2,0.005743781227,0.001082735035
1954,3,0.03684323463,0.01309135495
1954,4,0.05633435049,0.01162999236
1954,5,0.03455453564,-0.007653852732
1954,6,0.004620049581,0.0007291399297
1954,7,0.06426001455,0.01201317593
1954,8,-0.02953596956,-0.002948757853
1954,9,0.08887250499,0.001711144726
1954,10,-0.01217376268,0.0009813062054
1954,11,0.08230506121,-0.004570092331
1954,12,0.05488757578,-0.0001770596073
1955,1,0.02145311013,-0.006599007455
1955,2,0.005463584266,-0.003169652767
1955,3,-0.0001353509698,0.001586363822
1955,4,0.04096419696,-0.004722272911
1955,5,0.002876976587,0.00216915872
1955,6,0.08819350756,0.002807380682
1955,7,0.06228026435,-0.009924572246
1955,8,-0.003219798549,-0.00215834702
1955,9,0.009582768921,-0.002378694728
1955,10,-0.02634676901,0.01146065441
1955,11,0.07576862344,-0.000704961378
1955,12,0.002425005488,-0.003288056879
1956,1,-0.03166484135,0.003961208874
1956,2,0.03661597862,0.006425969225
1956,3,0.07143132586,-0.008926833032
1956,4,-0.0004721215174,-0.01755273186
1956,5,-0.06622034208,0.008310684955
1956,6,0.0379951652,0.004081840069
1956,7,0.04933334145,-0.01191951423
1956,8,-0.03585133783,-0.01665370099
1956,9,-0.0435060373,-0.002919313082
1956,10,0.002586213776,0.0003644288645
1956,11,-0.007866890197,-0.009855156605
1956,12,0.03390325957,-0.009841641352
1957,1,-0.04012479581,0.001541861895
1957,2,-0.03402438703,0.00819116236
1957,3,0.02077637323,-0.005178464216
1957,4,0.03761240813,-0.005466566978
1957,5,0.03750175734,-0.009508299966
1957,6,-0.002147340248,-0.01731423663
1957,7,0.01161380902,-0.01035276595
1957,8,-0.05610080123,0.00008212713415
1957,9,-0.0600048666,0.002684246131
1957,10,-0.0285434968,-0.0008592026599
1957,11,0.01647617303,0.02098059984
1957,12,-0.03991602825,0.04425328804
1958,1,0.04023366937,0.006740884334
1958,2,-0.0191444495,0.003823295427
1958,3,0.02836870257,0.002479972048
1958,4,0.03274715058,0.008452829184
1958,5,0.01827871097,-0.0009472882806
1958,6,0.03041753934,-0.0007107186081
1958,7,0.04701793477,-0.01589277288
1958,8,0.01316589711,-0.02694468338
1958,9,0.05249082374,-0.01412374118
1958,10,0.0282833152,-0.0001759295417
1958,11,0.02382465369,0.006759014402
1958,12,0.05407070104,-0.007461213676
1959,1,0.005084345946,0.001833368298
1959,2,0.002823097958,0.008582105318
1959,3,0.004240058568,0.001902714583
1959,4,0.04111345821,-0.007509165605
1959,5,0.01940610233,-0.01387047937
1959,6,-0.003440038166,-0.001237584458
1959,7,0.03604466076,-0.002588434032
1959,8,-0.01355880588,0.0002186209946
1959,9,-0.04539852039,-0.01859977052
1959,10,0.01047695598,0.01258716445
1959,11,0.01586403373,0.003774992405
1959,12,0.02814387239,-0.01104296759
1960,1,-0.0674955778,0.002863631479
1960,2,0.01070427478,0.02123150859
1960,3,-0.01101443771,0.02331748263
1960,4,-0.01892539338,-0.00328793515
1960,5,0.02879466233,-0.003088176778
1960,6,0.02105648624,0.01856176218
1960,7,-0.01993311457,0.02603808417
1960,8,0.02696066553,0.009370682954
1960,9,-0.0575431197,0.003166658322
1960,10,-0.004111722185,-0.008816413662
1960,11,0.04226148189,-0.00101232618
1960,12,0.04814663064,0.009604425558
1961,1,0.06486635423,0.002191420375
1961,2,0.02948805237,0.008096789551
1961,3,0.02808268786,0.006414177162
1961,4,0.007339859933,0.0008694499766
1961,5,0.02058381145,0.007856211601
1961,6,-0.02626765338,-0.01065537769
1961,7,0.03239941218,-0.00268754643
1961,8,0.02138688003,-0.007095669773
1961,9,-0.01859501247,0.006904492295
1961,10,0.03084248554,0.008203901529
1961,11,0.04179825672,0.001642444498
1961,12,0.004577233267,-0.007405853475
1962,1,-0.03646558528,-0.0008543720419
1962,2,0.01637415292,0.009212128907
1962,3,-0.005415037517,0.01275931451
1962,4,-0.06074494509,0.001888371015
1962,5,-0.08427177435,-0.001023409347
1962,6,-0.0780464579,-0.003853909271
1962,7,0.06637275553,-0.0002392781671
1962,8,0.01624469319,0.007882585371
1962,9,-0.04966622379,0.0003015080554
1962,10,0.008925148033,0.006233288049
1962,11,0.1046964097,0.003266676654
1962,12,0.01634647777,0.008975922053
1963,1,0.04989622817,-0.0003916563627
1963,2,-0.02742695662,-0.003759151492
1963,3,0.03723053079,0.001485350802
1963,4,0.05230743903,0.004279175573
1963,5,0.01595548659,0.001493780532
1963,6,-0.02081880616,-0.003210557512
1963,7,-0.003406887094,0.0007179429948
1963,8,0.04936276138,-0.0002436018276
1963,9,-0.007527872529,0.0002769016863
1963,10,0.0338573083,-0.00404545905
1963,11,-0.008941649561,0.008165555768
1963,12,0.0237128862,-0.004685996889
1964,1,0.0275141202,0.0006956648614
1964,2,0.01336382839,0.002002636512
1964,3,0.01667596944,-0.001525616396
1964,4,0.008266802901,0.004010208574
1964,5,0.01296534504,0.004974387833
1964,6,0.01790316564,0.005763101962
1964,7,0.02039683238,-0.00009893406702
1964,8,-0.01473969515,0.000905661226
1964,9,0.03020877166,0.004969504914
1964,10,0.009257204756,0.003812791622
1964,11,-0.005606950237,-0.002652059804
1964,12,0.005088807628,0.001407270624
1965,1,0.0346684653,0.004165005728
1965,2,0.0009450244213,0.001065799868
1965,3,-0.01304164183,0.004174001162
1965,4,0.0344511611,0.0004540050854
1965,5,-0.008463712525,-0.001291872641
1965,6,-0.05009655684,0.001819365387
1965,7,0.01703334854,0.002833949164
1965,8,0.02609566358,0.0004294893131
1965,9,0.0322617592,-0.005095394481
1965,10,0.02888631078,-0.002155589727
1965,11,-0.009440757938,-0.005100437009
1965,12,0.008247337446,-0.01297467826
1966,1,0.006424378323,0.002930001945
1966,2,-0.02151483301,-0.0274783679
1966,3,-0.02231974269,0.02533763495
1966,4,0.01998399294,-0.005365898844
1966,5,-0.05359918725,0.001044303699
1966,6,-0.01431406325,-0.01001922599
1966,7,-0.01274265251,-0.004185832862
1966,8,-0.08053612525,-0.02543979419
1966,9,-0.006925804116,0.02791738552
1966,10,0.0474711975,0.004994390493
1966,11,0.005183506429,-0.00830374747
1966,12,0.0002620892642,0.04094753632
1967,1,0.08184468707,0.01388097546
1967,2,0.001706915247,-0.01468710997
1967,3,0.04219908483,0.02122331265
1967,4,0.04175770796,-0.02078550535
1967,5,-0.04986702895,0.001655391399
1967,6,0.01409823383,-0.03307406113
1967,7,0.04488946376,0.005972098161
1967,8,0.02285277043,-0.007125538439
1967,9,-0.002976190476,-0.001666874318
1967,10,-0.02942818235,-0.02352143923
1967,11,-0.00226190714,-0.008811561513
1967,12,0.02584186354,0.004885758583
1968,1,-0.04410953278,0.05429311348
1968,2,-0.03139923009,0.0001730055244
1968,3,0.009199917894,-0.01322794106
1968,4,0.08009408566,0.003382548523
1968,5,0.01213231906,-0.00709483006
1968,6,0.00581239269,0.01570807796
1968,7,-0.02158130615,0.01792227542
1968,8,0.01114094124,-0.0006423872022
1968,9,0.03812634792,-0.003615637222
1968,10,0.003979715778,-0.01009486177
1968,11,0.04746853026,-0.01086371752
1968,12,-0.04465012972,-0.02878681273
1969,1,-0.008481452041,0.00008278889145
1969,2,-0.04753343354,-0.002776180697
1969,3,0.02845497849,-0.00605072312
1969,4,0.01840430215,0.007058373628
1969,5,-0.00244683136,-0.02361128093
1969,6,-0.05823311844,-0.01230845716
1969,7,-0.06261408066,0.005240223794
1969,8,0.04010787424,-0.009468084883
1969,9,-0.0275481163,-0.04750925035
1969,10,0.04017259658,0.0427353168
1969,11,-0.03653495919,-0.02449442587
1969,12,-0.02107067117,-0.04055145844
1970,1,-0.07848988073,0.01055250489
1970,2,0.05025667813,0.06415019674
1970,3,-0.0008381454312,-0.012424235
1970,4,-0.09226728695,-0.05096322775
1970,5,-0.06016028465,-0.005314932318
1970,6,-0.05148776545,0.02084654418
1970,7,0.07418445921,0.02557376085
1970,8,0.0451750485,-0.004304938513
1970,9,0.03207540672,0.01556288701
1970,10,-0.01438164624,-0.001902160271
1970,11,0.04528378128,0.06373245183
1970,12,0.05444355896,-0.0003728838561
1971,1,0.0406720185,0.03343556525
1971,2,0.01177311486,0.001392959577
1971,3,0.03687556841,0.0487573182
1971,4,0.03627028132,-0.03776826834
1971,5,-0.04384334168,-0.0216579325
1971,6,-0.001658461721,-0.02269239498
1971,7,-0.04111116213,-0.007745133032
1971,8,0.03623695634,0.04574168453
1971,9,-0.006809420821,0.02358306733
1971,10,-0.04153981742,0.01218715698
1971,11,-0.002268341902,-0.001981843244
1971,12,0.08625447878,0.005455418365
1972,1,0.01814690499,-0.01217343167
1972,2,0.01915171805,0.003900696609
1972,3,0.0119172567,-0.0008550039752
1972,4,0.004343789513,0.001207574463
1972,5,0.0155259229,0.009349047747
1972,6,-0.02022223937,-0.004703236143
1972,7,0.002326980506,0.004930093727
1972,8,0.03436716243,-0.01907662219
1972,9,-0.007285718665,-0.008142289329
1972,10,0.009291580133,0.01262114111
1972,11,0.04481487275,0.01015271394
1972,12,0.009962166388,-0.006616254946
1973,1,-0.01948948807,-0.00880793185
1973,2,-0.04194344217,-0.008702406187
1973,3,-0.008294554251,-0.01013493207
1973,4,-0.04499527851,0.0008516173091
1973,5,-0.02085498916,-0.01531070321
1973,6,-0.01077655842,-0.001763238672
1973,7,0.04059422293,-0.02857347018
1973,8,-0.0513342773,0.0009647065914
1973,9,0.0380997218,0.02682097974
1973,10,-0.007477893488,0.01055396194
1973,11,-0.1170703364,0.0004507065556
1973,12,0.01069273384,-0.01796174273
1974,1,-0.0177170747,-0.01205972215
1974,2,-0.01121572683,-0.005497786575
1974,3,-0.03054888579,-0.03214027985
1974,4,-0.04195661772,-0.01732228824
1974,5,-0.04029766765,0.005756738962
1974,6,-0.01939434601,-0.01022881901
1974,7,-0.0799423642,-0.01690671696
1974,8,-0.09748723718,-0.02047785205
1974,9,-0.1274287321,0.004513782025
1974,10,0.1586079754,0.00911769846
1974,11,-0.05834841489,0.007126556823
1974,12,-0.02344951655,0.01541064277
1975,1,0.1186537055,-0.01052176749
1975,2,0.05779261206,0.00535614458
1975,3,0.02155580305,-0.03456529728
1975,4,0.04700800061,-0.01729657529
1975,5,0.04566908287,0.02357201709
1975,6,0.03988319839,0.004620082852
1975,7,-0.07306939638,-0.01879489089
1975,8,-0.02121220472,0.001761513735
1975,9,-0.03818800978,-0.01790583207
1975,10,0.05947554636,0.04095913913
1975,11,0.02071242331,-0.01617921559
1975,12,-0.01349896352,0.02757342004
1976,1,0.1176961421,0.0001246651963
1976,2,-0.01012773051,0.006758868359
1976,3,0.03192645439,0.01226025993
1976,4,-0.00971436359,0.003902295463
1976,5,-0.01654343733,-0.01856960879
1976,6,0.03853367066,0.008147588765
1976,7,-0.01021715302,0.001252374145
1976,8,0.01832543046,0.01504959271
1976,9,-0.005208333333,0.008714593657
1976,10,-0.02410733716,0.01005496114
1976,11,-0.007918803818,0.03151241575
1976,12,0.05038049582,0.01467559389
1977,1,-0.05214760124,-0.03949290592
1977,2,-0.02816963736,-0.007431940451
1977,3,-0.01550561354,0.00321029439
1977,4,-0.002797009204,-0.00258364821
1977,5,-0.02312972089,0.007704862221
1977,6,0.04393833393,0.0136627261
1977,7,-0.01736454757,-0.01402680884
1977,8,-0.02207381408,0.01094227181
1977,9,-0.001873595419,-0.006153528241
1977,10,-0.04405093748,-0.01305280456
1977,11,0.02452337124,0.004665686289
1977,12,0.002101637985,-0.01419076658
1978,1,-0.06332064371,-0.01078336735
1978,2,-0.02494925116,-0.004880250645
1978,3,0.02303073954,-0.006995883363
1978,4,0.08147334937,-0.007078202975
1978,5,-0.0009206493297,-0.01439717261
1978,6,-0.02096675151,-0.01391137936
1978,7,0.05021370741,0.00347867231
1978,8,0.02382633414,0.01239390656
1978,9,-0.0122010422,-0.01330487974
1978,10,-0.09561568061,-0.02790126275
1978,11,0.01512095541,0.008113045778
1978,12,0.01334960206,-0.01745572876
1979,1,0.03510495973,0.01200031311
1979,2,-0.04197991959,-0.01670358874
1979,3,0.0490419255,0.00138974168
1979,4,-0.003919341798,-0.01757863096
1979,5,-0.03292150181,0.01514540638
1979,6,0.03158939276,0.01253332855
1979,7,0.00210554201,-0.01643578757
1979,8,0.04745656034,-0.01665137617
1979,9,-0.005248118183,-0.01442457221
1979,10,-0.07425250477,-0.07975024378
1979,11,0.0362228914,0.01959339737
1979,12,0.009246946501,-0.00004423036515
1980,1,0.04712352324,-0.05357073909
1980,2,-0.01280478012,-0.09077973437
1980,3,-0.1099366101,0.001245796219
1980,4,0.03564661181,0.1157239838
1980,5,0.04093440013,0.02992851084
1980,6,0.02141727674,0.008408998208
1980,7,0.0681725459,-0.03231999017
1980,8,0.002709307159,-0.04370909073
1980,9,0.02071460975,-0.01662434233
1980,10,0.01047548068,-0.03347643348
1980,11,0.09476798913,-0.01487877448
1980,12,-0.03919845978,0.01785806701
1981,1,-0.05067573503,-0.01302148379
1981,2,0.008064646534,-0.03850636621
1981,3,0.03297829609,0.02071411378
1981,4,-0.02504358004,-0.0460243231
1981,5,-0.004351193653,0.03813608384
1981,6,-0.0151752065,-0.0167595711
1981,7,-0.009019431279,-0.04122567698
1981,8,-0.06510101282,-0.03307085477
1981,9,-0.05859780044,-0.01862487381
1981,10,0.05051888037,0.07464002667
1981,11,0.03668568305,0.09142977255
1981,12,-0.02880859953,-0.03710311033
1982,1,-0.01611216909,-0.00005733329984
1982,2,-0.05888870562,0.01445553662
1982,3,-0.005217929709,0.003711240909
1982,4,0.04178409386,0.02529898102
1982,5,-0.04334855996,0.01063334686
1982,6,-0.02638720721,-0.03787937975
1982,7,-0.02281691201,0.04811256812
1982,8,0.1190105994,0.0578248095
1982,9,0.01239219808,0.07281874613
1982,10,0.1105729146,0.06550772917
1982,11,0.04146723291,0.005334035468
1982,12,0.02241623247,0.03745156784
1983,1,0.0351133792,-0.01859606652
1983,2,0.02189996888,0.03973272407
1983,3,0.03592894431,-0.01294508846
1983,4,0.07105906574,0.02248144615
1983,5,-0.01282867436,-0.02676043733
1983,6,0.03681715776,-0.001752740193
1983,7,-0.03343062199,-0.04002236942
1983,8,0.0118673942,-0.005707349677
1983,9,0.010731882,0.0383976558
1983,10,-0.01553471047,-0.01154647102
1983,11,0.01800793988,0.01311435152
1983,12,-0.008225408079,-0.004120574565
1984,1,-0.0124091017,0.01151900554
1984,2,-0.0399007263,-0.01606418998
1984,3,0.01434117953,-0.02023539426
1984,4,0.005386450781,-0.00957161927
1984,5,-0.05737187509,-0.04962657885
1984,6,0.01953512496,0.01346331759
1984,7,-0.01622975454,0.06019190239
1984,8,0.1072254969,0.01457245997
1984,9,-0.002658520457,0.02587482761
1984,10,-0.0001054683167,0.04586158436
1984,11,-0.01321468852,0.0200345991
1984,12,0.02426285862,0.009464296585
1985,1,0.07585860689,0.02993681033
1985,2,0.006471089424,-0.03867960384
1985,3,-0.004031586849,0.0204296385
1985,4,-0.002894633687,0.02199522934
1985,5,0.05566162261,0.07726558218
1985,6,0.01269903891,0.00756245743
1985,7,-0.003293477518,-0.01239446996
1985,8,-0.01040715092,0.02453068899
1985,9,-0.03304942291,0.004893087574
1985,10,0.04226614411,0.02315355095
1985,11,0.06363044025,0.02958870516
1985,12,0.04353135333,0.04034312345
1986,1,0.001872527054,-0.001106288995
1986,2,0.07660048244,0.07346183331
1986,3,0.06154785472,0.0629443604
1986,4,-0.007683881347,0.01053243698
1986,5,0.05019273875,-0.04003321198
1986,6,0.01312132976,0.05048277542
1986,7,-0.05680731208,0.005875220769
1986,8,0.0731137482,0.03173712966
1986,9,-0.08606100393,-0.03075518732
1986,10,0.05578937243,0.01175244791
1986,11,0.02244763526,0.0170979481
1986,12,-0.02903686305,-0.003011767317
1987,1,0.1285229484,0.003950804014
1987,2,0.03573636571,0.001715127071
1987,3,0.0251682307,-0.01870988819
1987,4,-0.01341647443,-0.04331135494
1987,5,0.005821476686,-0.01397664427
1987,6,0.04573251122,0.009833805075
1987,7,0.04783006289,-0.01375349927
1987,8,0.03268987348,-0.01892539195
1987,9,-0.02538937803,-0.03554929859
1987,10,-0.2173954316,0.05471608122
1987,11,-0.08561012694,-0.00316787439
1987,12,0.07419156419,0.01615549461
1988,1,0.03845789815,0.04168820841
1988,2,0.04484479237,0.01173768516
1988,3,-0.03340695408,-0.02224323538
1988,4,0.005027700276,-0.01809046496
1988,5,0.006059811931,-0.01623269551
1988,6,0.04145293874,0.02817621135
1988,7,-0.007973224982,-0.01605140091
1988,8,-0.03800615466,-0.004940871069
1988,9,0.03823840214,0.0282462053
1988,10,0.02440743402,0.01839079837
1988,11,-0.0175151456,-0.02230620895
1988,12,0.01407293029,-0.0009231967985
1989,1,0.06877126857,0.01185754107
1989,2,-0.0281096704,-0.01552683951
1989,3,0.0182915068,0.004098506429
1989,4,0.04423118099,0.01846716028
1989,5,0.03540811655,0.03015336613
1989,6,-0.00886106228,0.03714894699
1989,7,0.08679427757,0.0221393849
1989,8,0.01953016599,-0.02210342175
1989,9,-0.006439693282,0.001192874456
1989,10,-0.02788877577,0.02801804124
1989,11,0.016327226,0.00789284904
1989,12,0.02077778867,-0.002576766168
1990,1,-0.07591049515,-0.03492747702
1990,2,0.008926956297,-0.002228248485
1990,3,0.02171003684,-0.006869852466
1990,4,-0.02721495974,-0.02064820678
1990,5,0.09578593746,0.03560302686
1990,6,-0.01287161441,0.01232732944
1990,7,-0.007778794466,0.007077025316
1990,8,-0.09798768613,-0.03399487236
1990,9,-0.05512952306,0.003183532885
1990,10,-0.01098589641,0.01185948286
1990,11,0.06226358071,0.03134730012
1990,12,0.02401733923,0.01528207247
1991,1,0.03967564144,0.006364421127
1991,2,0.07073041241,0.006619960086
1991,3,0.02420456485,0.004659680032
1991,4,0.0001492761983,0.006496142191
1991,5,0.03930215317,0.0002842887177
1991,6,-0.0486223047,-0.008261489536
1991,7,0.04507437225,0.008078790699
1991,8,0.02068034148,0.02981508947
1991,9,-0.01960195801,0.02761296057
1991,10,0.01196811804,0.004758201882
1991,11,-0.04447036814,0.00798726244
1991,12,0.1111307377,0.05032453634
1992,1,-0.01932810638,-0.03560187687
1992,2,0.01074566223,0.006722152217
1992,3,-0.0229672118,-0.01623965688
1992,4,0.02715246968,-0.0007511669621
1992,5,0.002725184377,0.0239374636
1992,6,-0.01768031883,0.01665039016
1992,7,0.03788388528,0.03315779611
1992,8,-0.0225561312,0.01057578326
1992,9,0.009604580302,0.02132963384
1992,10,-0.0007896284224,-0.02896738608
1992,11,0.03113707302,-0.007699302806
1992,12,0.01085365888,0.02223068148
1993,1,0.004819159308,0.02431789437
1993,2,0.01151602905,0.03003368371
1993,3,0.01967070297,0.003622310876
1993,4,-0.0275613404,0.0000592185171
1993,5,0.02389717223,-0.005807725959
1993,6,0.002232229243,0.03140046764
1993,7,-0.005405652193,0.001223201127
1993,8,0.03579751697,0.03139074242
1993,9,-0.009034613671,0.006891179293
1993,10,0.01648424038,-0.00186799502
1993,11,-0.01225811298,-0.02746614078
1993,12,0.0100192358,0.002797789744
1994,1,0.0340021241,0.01455503231
1994,2,-0.02980066162,-0.03065828234
1994,3,-0.04619986077,-0.04192867014
1994,4,0.01213540791,-0.01589991966
1994,5,0.0143507766,-0.004087301524
1994,6,-0.02714288215,-0.008927538275
1994,7,0.02934575915,0.01871327216
1994,8,0.03681476544,-0.003154082746
1994,9,-0.02640833657,-0.02649357871
1994,10,0.02177132689,-0.007843686679
1994,11,-0.03899036264,-0.003285033223
1994,12,0.01281424192,0.009586314282
1995,1,0.0232064491,0.02116680371
1995,2,0.03620372649,0.03136876425
1995,3,0.02746922934,0.005465899911
1995,4,0.02537258218,0.01145005297
1995,5,0.03792662093,0.06165481159
1995,6,0.02121308144,0.009903915614
1995,7,0.03180732482,-0.01360384228
1995,8,0.000550388951,0.01594377522
1995,9,0.04083880957,0.01204254831
1995,10,-0.006170489385,0.01288081255
1995,11,0.04252932601,0.0238899976
1995,12,0.01794005539,0.01695031608
1996,1,0.02869138994,-0.002025596123
1996,2,0.00731401123,-0.03571015375
1996,3,0.006383479472,-0.0134153366
1996,4,0.01083812735,-0.0216666728
1996,5,0.02382209632,-0.01011650206
1996,6,0.00190005194,0.01255308636
1996,7,-0.04601170371,-0.001395899275
1996,8,0.01979320913,-0.007175932461
1996,9,0.05294540892,0.02019085829
1996,10,0.02432833609,0.02830032602
1996,11,0.07219368104,0.02516351095
1996,12,-0.02227149831,-0.02427511055
1997,1,0.06047081215,-0.003823667406
1997,2,0.005944458067,0.001362825982
1997,3,-0.04168936935,-0.02107087717
1997,4,0.05903722451,0.01980865012
1997,5,0.0608851774,0.009258050055
1997,6,0.04284783201,0.01542848767
1997,7,0.07822216765,0.04084353813
1997,8,-0.05837125748,-0.02072981759
1997,9,0.05214421346,0.01907942956
1997,10,-0.03518805369,0.02411776913
1997,11,0.04499398314,0.002144344125
1997,12,0.01654582592,0.01245026524
1998,1,0.009815658436,0.02003189471
1998,2,0.07212215082,-0.002071619544
1998,3,0.05121100528,0.0009711625345
1998,4,0.008815369635,0.002743881515
1998,5,-0.01960968121,0.01120959814
1998,6,0.0393426564,0.01237672541
1998,7,-0.01307328793,-0.002384151859
1998,8,-0.1456268171,0.03757470201
1998,9,0.0634113453,0.05072466453
1998,10,0.07870234449,-0.01375588344
1998,11,0.05932073764,-0.004879018503
1998,12,0.05569437095,0.008932385967
1999,1,0.03991643659,0.00129166144
1999,2,-0.0310775401,-0.04240352029
1999,3,0.03937435098,0.006796069402
1999,4,0.03184168202,-0.01042613985
1999,5,-0.02420565187,-0.01678726048
1999,6,0.05549747206,-0.007847660386
1999,7,-0.03529172509,-0.007461377829
1999,8,-0.007326506566,-0.001891171618
1999,9,-0.03147283636,0.006704072998
1999,10,0.06138418666,-0.00569875512
1999,11,0.01850901286,-0.008490492034
1999,12,0.05638643243,-0.01683859799
2000,1,-0.05304738905,-0.01423812014
2000,2,-0.02296834885,0.020566247
2000,3,0.09140846614,0.02843710864
2000,4,-0.02951814431,-0.009038209466
2000,5,-0.02223445594,-0.0009676774739
2000,6,0.0187034327,0.01864472534
2000,7,-0.01848461769,0.001378861469
2000,8,0.06211387491,0.02826363988
2000,9,-0.05770401648,-0.005589645519
2000,10,-0.00594189059,0.005324596108
2000,11,-0.0804262241,0.02485470573
2000,12,0.002592745041,0.02950796047
2001,1,0.02957786748,-0.006659380894
2001,2,-0.09324318172,0.02310542633
2001,3,-0.06388344696,0.002755261066
2001,4,0.07587439783,-0.02947210305
2001,5,0.001593175598,-0.006746815356
2001,6,-0.02653758692,0.00303153264
2001,7,-0.008166181842,0.03362931065
2001,8,-0.06260561461,0.02141908157
2001,9,-0.08436445248,0.01965330819
2001,10,0.02193661576,0.03043771209
2001,11,0.07731505293,-0.03261495484
2001,12,0.009329157624,-0.01769420194
2002,1,-0.01625921049,0.002529628357
2002,2,-0.02093393905,0.01733597205
2002,3,0.03470089031,-0.03948416817
2002,4,-0.06482219063,0.02412108388
2002,5,-0.00846992282,0.00545912082
2002,6,-0.07174993167,0.02085594625
2002,7,-0.0800039374,0.02937234288
2002,8,0.003784075978,0.03027954774
2002,9,-0.1101648997,0.04272639606
2002,10,0.08561751284,-0.02253371335
2002,11,0.05710819756,-0.02087043968
2002,12,-0.06029682681,0.032951584
2003,1,-0.03046410233,-0.01444420502
2003,2,-0.02037136452,0.02161589385
2003,3,0.008065905533,-0.008255873267
2003,4,0.08650431945,0.002136836997
2003,5,0.05440920897,0.04831927864
2003,6,0.01165495654,-0.0120835775
2003,7,0.01430681861,-0.07428448997
2003,8,0.015079861,0.002606935848
2003,9,-0.013827341,0.04079770208
2003,10,0.05771714259,-0.02518000157
2003,11,0.008253457287,0.002258480369
2003,12,0.04960572256,0.006571661282
2004,1,0.01398263073,0.008155078133
2004,2,0.01172594824,0.01517198887
2004,3,-0.01719181922,0.01178034835
2004,4,-0.01727477637,-0.05110162166
2004,5,0.009411961893,-0.01085940236
2004,6,0.01567204646,0.003375013778
2004,7,-0.03412303502,0.01249165775
2004,8,0.003516697222,0.033567426
2004,9,0.007633909201,-0.0005379635946
2004,10,0.009956742766,0.005477218052
2004,11,0.03557789591,-0.02600304902
2004,12,0.03402808334,0.01338322831
2005,1,-0.0238691163,0.01219235107
2005,2,0.01680043473,-0.01829071505
2005,3,-0.02126670335,-0.01119867274
2005,4,-0.02200651456,0.02427487035
2005,5,0.0323536826,0.02120834609
2005,6,0.0009024081172,0.007698641439
2005,7,0.0308019168,-0.02991151792
2005,8,-0.01518648211,0.01858667378
2005,9,-0.005596506286,-0.03551128844
2005,10,-0.01815254023,-0.01625085595
2005,11,0.04306127855,0.01537620435
2005,12,0.0003496630651,0.01184373643
2006,1,0.02029815232,-0.01354687177
2006,2,0.002211312614,0.0016621775
2006,3,0.01092768121,-0.02228919349
2006,4,0.008374515136,-0.01754603218
2006,5,-0.03167420722,-0.002745008076
2006,6,-0.001128036367,-0.000609412642
2006,7,0.0007183174534,0.0116540068
2006,8,0.01927178312,0.01988837241
2006,9,0.0308261931,0.01701325167
2006,10,0.03718640113,0.01076963367
2006,11,0.01851569013,0.01549992792
2006,12,0.008534665389,-0.02154024522
2007,1,0.01344105791,-0.007312917743
2007,2,-0.0233489473,0.02200760329
2007,3,0.005955741021,-0.008574358636
2007,4,0.04117335383,0.002477439173
2007,5,0.0306335978,-0.02163591018
2007,6,-0.01888534266,-0.008570296616
2007,7,-0.03272841407,0.0226129077
2007,8,0.01467559227,0.02316190175
2007,9,0.03302288314,-0.004454598314
2007,10,0.01278447186,0.009615871536
2007,11,-0.04928002811,0.03772641627
2007,12,-0.009806609594,-0.00524160468
2008,1,-0.06321081518,0.03037891059
2008,2,-0.03481665977,0.0121084636
2008,3,-0.007869368042,0.005906171168
2008,4,0.04628038113,-0.02516517313
2008,5,0.006994740199,-0.0259198478
2008,6,-0.09380009913,-0.001382385753
2008,7,-0.01543887215,-0.003789383564
2008,8,0.01597818375,0.01793356925
2008,9,-0.08988389071,0.0007097262881
2008,10,-0.1607341874,-0.001122295057
2008,11,-0.05502054953,0.1154821793
2008,12,0.01903231976,0.06916574774
2009,1,-0.0866004273,-0.05056885481
2009,2,-0.1097209837,-0.013483594
2009,3,0.08867283757,0.02943353569
2009,4,0.09460677912,-0.03510918859
2009,5,0.05438009715,-0.02389220696
2009,6,-0.006262323006,-0.01021691722
2009,7,0.07595412593,0.004058540507
2009,8,0.03264568739,0.009419202414
2009,9,0.03531861702,0.008287439351
2009,10,-0.02151354253,-0.008377002151
2009,11,0.05644464588,0.0159715372
2009,12,0.01878570689,-0.04877298528
2010,1,-0.03659776589,0.02063732933
2010,2,0.03195768966,0.005615967647
2010,3,0.0599957753,-0.01588899644
2010,4,0.01555279244,0.01526156797
2010,5,-0.07937205371,0.03517480971
2010,6,-0.05195160723,0.03152509418
2010,7,0.06806411875,0.003074351962
2010,8,-0.04653337138,0.04054856003
2010,9,0.08748477376,-0.004510192772
2010,10,0.03445054329,-0.009585304577
2010,11,-0.002401595045,-0.0150683176
2010,12,0.06256400171,-0.04726147054
2011,1,0.0203913902,-0.008549365734
2011,2,0.03094503957,0.004768921984
2011,3,-0.004751435631,-0.005679251414
2011,4,0.02480404616,0.01008843056
2011,5,-0.01445524276,0.03059397734
2011,6,-0.01666915306,-0.01942277471
2011,7,-0.0228931287,0.03464576432
2011,8,-0.05729780705,0.05815919779
2011,9,-0.07231083983,0.01960373677
2011,10,0.1085435624,-0.006804927027
2011,11,-0.004048771859,-0.008737203782
2011,12,0.009988763224,0.02067073417
2012,1,0.04197511527,0.004036044889
2012,2,0.04101665893,-0.01393610926
2012,3,0.03075009113,-0.02250960746
2012,4,-0.007921622707,0.0227769135
2012,5,-0.05815341003,0.03941925706
2012,6,0.04206365096,-0.005015986845
2012,7,0.01359600885,0.01558761146
2012,8,0.01661731114,-0.00987661425
2012,9,0.02097125628,-0.01057673989
2012,10,-0.02110496065,-0.007568688536
2012,11,0.007491317313,0.01215656976
2012,12,0.009236427596,-0.0127953989
2013,1,0.04971673251,-0.02173451832
2013,2,0.008101571634,0.00792496236
2013,3,0.04042864617,0.006198867793
2013,4,0.02139941487,0.01905851925
2013,5,0.02296642036,-0.03935561474
2013,6,-0.01577099847,-0.0321187421
2013,7,0.04883344207,-0.006942710681
2013,8,-0.03127395236,-0.0160631621
2013,9,0.03096968142,0.01642680945
2013,10,0.04540770731,0.007227631511
2013,11,0.02857675177,-0.02511696129
2013,12,0.02261362748,-0.01408252743
2014,1,-0.03691074548,0.0328927028
2014,2,0.04459592536,0.002794995104
2014,3,0.006348567857,-0.005585230473
2014,4,0.005517005328,0.006293548025
2014,5,0.02153225366,0.01785159579
2014,6,0.01930968177,-0.003650856238
2014,7,-0.01490024612,-0.002453738605
2014,8,0.04017282323,0.02209006079
2014,9,-0.01409342921,-0.0121660525
2014,10,0.02462759144,0.01719305494
2014,11,0.02883103401,0.01793334033
2014,12,0.000567147236,0.006897588709
2015,1,-0.02368107042,0.0594751656
2015,2,0.0551451129,-0.0304781427
2015,3,-0.0190225358,0.004364206838
2015,4,0.008949045854,-0.00860228177
2015,5,0.009362381244,-0.009595111551
2015,6,-0.02228849662,-0.02149960112
2015,7,0.01936952917,0.01520209559
2015,8,-0.06023551329,-0.001433904627
2015,9,-0.02260010664,0.01837477641
2015,10,0.08310044191,-0.007435426696
2015,11,0.001982874383,-0.006123331423
2015,12,-0.0149483805,-0.004719049411
2016,1,-0.04968713021,0.03494579803
2016,2,0.0001816298566,0.01864113051
2016,3,0.06528478053,-0.004775711099
2016,4,0.0005615623236,-0.00588516252
2016,5,0.0152493428,-0.003626485328
2016,6,-0.0003424666916,0.03144202144
2016,7,0.03694140744,0.004346439262
2016,8,-0.0004764756528,-0.01155102599
2016,9,-0.001676144409,-0.004102171372
